pair_a,pair_b,seed,orientation,seat0,seat1,status0,status1,reward0,reward1,winner,margin0,runtime_seconds,error
v4,v5,5101,A0_B1,v4,v5,DONE,DONE,32098.0,48785.0,v5,-16687.0,6.546,
v4,v5,5101,B0_A1,v5,v4,DONE,DONE,48785.0,32098.0,v5,16687.0,6.4915,
v4,v5,5102,A0_B1,v4,v5,DONE,DONE,31578.0,47452.0,v5,-15874.0,6.3695,
v4,v5,5102,B0_A1,v5,v4,DONE,DONE,47452.0,31578.0,v5,15874.0,6.4181,
v4,v5,5103,A0_B1,v4,v5,DONE,DONE,31829.0,48397.0,v5,-16568.0,6.5282,
v4,v5,5103,B0_A1,v5,v4,DONE,DONE,48397.0,31829.0,v5,16568.0,6.5031,
v4,v5,5104,A0_B1,v4,v5,DONE,DONE,32823.0,47511.0,v5,-14688.0,6.5208,
v4,v5,5104,B0_A1,v5,v4,DONE,DONE,47511.0,32823.0,v5,14688.0,6.5819,
v4,v5,5105,A0_B1,v4,v5,DONE,DONE,28680.0,48029.0,v5,-19349.0,6.8163,
v4,v5,5105,B0_A1,v5,v4,DONE,DONE,48029.0,28708.0,v5,19321.0,6.7869,
v4,v5,5106,A0_B1,v4,v5,DONE,DONE,32831.0,48850.0,v5,-16019.0,6.75,
v4,v5,5106,B0_A1,v5,v4,DONE,DONE,48850.0,32831.0,v5,16019.0,6.9156,
v4,v5,5107,A0_B1,v4,v5,DONE,DONE,33170.0,46473.0,v5,-13303.0,6.9893,
v4,v5,5107,B0_A1,v5,v4,DONE,DONE,46473.0,33170.0,v5,13303.0,7.0367,
v4,v5,5108,A0_B1,v4,v5,DONE,DONE,35747.0,48770.0,v5,-13023.0,6.6388,
v4,v5,5108,B0_A1,v5,v4,DONE,DONE,48770.0,35747.0,v5,13023.0,6.7025,
v4,v5,5109,A0_B1,v4,v5,DONE,DONE,27656.0,47494.0,v5,-19838.0,6.2975,
v4,v5,5109,B0_A1,v5,v4,DONE,DONE,47363.0,27130.0,v5,20233.0,6.3426,
v4,v5,5110,A0_B1,v4,v5,DONE,DONE,27578.0,46180.0,v5,-18602.0,6.3235,
v4,v5,5110,B0_A1,v5,v4,DONE,DONE,46180.0,27578.0,v5,18602.0,6.3277,
v4,v5,5111,A0_B1,v4,v5,DONE,DONE,29587.0,48190.0,v5,-18603.0,6.456,
v4,v5,5111,B0_A1,v5,v4,DONE,DONE,48190.0,29672.0,v5,18518.0,6.5265,
v4,v5,5112,A0_B1,v4,v5,DONE,DONE,33616.0,48266.0,v5,-14650.0,6.3435,
v4,v5,5112,B0_A1,v5,v4,DONE,DONE,48640.0,32851.0,v5,15789.0,6.3904,
v4,v5,5113,A0_B1,v4,v5,DONE,DONE,30624.0,48564.0,v5,-17940.0,6.4667,
v4,v5,5113,B0_A1,v5,v4,DONE,DONE,48564.0,30624.0,v5,17940.0,6.5264,
v4,v5,5114,A0_B1,v4,v5,DONE,DONE,27607.0,47078.0,v5,-19471.0,6.5027,
v4,v5,5114,B0_A1,v5,v4,DONE,DONE,47078.0,27607.0,v5,19471.0,6.5368,
v4,v5,5115,A0_B1,v4,v5,DONE,DONE,31704.0,48473.0,v5,-16769.0,6.2876,
v4,v5,5115,B0_A1,v5,v4,DONE,DONE,48473.0,31704.0,v5,16769.0,6.639,
v4,v5,5116,A0_B1,v4,v5,DONE,DONE,32964.0,49479.0,v5,-16515.0,6.9086,
v4,v5,5116,B0_A1,v5,v4,DONE,DONE,49479.0,32964.0,v5,16515.0,6.4901,
v4,v5,5117,A0_B1,v4,v5,DONE,DONE,30311.0,47033.0,v5,-16722.0,6.9288,
v4,v5,5117,B0_A1,v5,v4,DONE,DONE,47033.0,30311.0,v5,16722.0,7.0179,
v4,v5,5118,A0_B1,v4,v5,DONE,DONE,27843.0,48514.0,v5,-20671.0,6.4239,
v4,v5,5118,B0_A1,v5,v4,DONE,DONE,48514.0,27843.0,v5,20671.0,6.4211,
v4,v5,5119,A0_B1,v4,v5,DONE,DONE,35268.0,48529.0,v5,-13261.0,6.2625,
v4,v5,5119,B0_A1,v5,v4,DONE,DONE,48529.0,35268.0,v5,13261.0,6.4064,
v4,v5,5120,A0_B1,v4,v5,DONE,DONE,33391.0,47186.0,v5,-13795.0,6.3755,
v4,v5,5120,B0_A1,v5,v4,DONE,DONE,47186.0,33244.0,v5,13942.0,6.4144,
v4,v6,5101,A0_B1,v4,v6,DONE,DONE,33908.0,51606.0,v6,-17698.0,6.9931,
v4,v6,5101,B0_A1,v6,v4,DONE,DONE,50729.0,32885.0,v6,17844.0,7.0827,
v4,v6,5102,A0_B1,v4,v6,DONE,DONE,29535.0,48751.0,v6,-19216.0,7.1618,
v4,v6,5102,B0_A1,v6,v4,DONE,DONE,48237.0,29877.0,v6,18360.0,7.0583,
v4,v6,5103,A0_B1,v4,v6,DONE,DONE,31693.0,52043.0,v6,-20350.0,6.935,
v4,v6,5103,B0_A1,v6,v4,DONE,DONE,52043.0,31693.0,v6,20350.0,7.055,
v4,v6,5104,A0_B1,v4,v6,DONE,DONE,32341.0,48723.0,v6,-16382.0,7.0243,
v4,v6,5104,B0_A1,v6,v4,DONE,DONE,48723.0,32341.0,v6,16382.0,7.0712,
v4,v6,5105,A0_B1,v4,v6,DONE,DONE,35923.0,49310.0,v6,-13387.0,7.1243,
v4,v6,5105,B0_A1,v6,v4,DONE,DONE,49780.0,37387.0,v6,12393.0,7.0397,
v4,v6,5106,A0_B1,v4,v6,DONE,DONE,29497.0,46858.0,v6,-17361.0,6.9558,
v4,v6,5106,B0_A1,v6,v4,DONE,DONE,46858.0,29497.0,v6,17361.0,6.9735,
v4,v6,5107,A0_B1,v4,v6,DONE,DONE,31694.0,51934.0,v6,-20240.0,6.859,
v4,v6,5107,B0_A1,v6,v4,DONE,DONE,51934.0,31694.0,v6,20240.0,6.9703,
v4,v6,5108,A0_B1,v4,v6,DONE,DONE,31642.0,50046.0,v6,-18404.0,7.1719,
v4,v6,5108,B0_A1,v6,v4,DONE,DONE,50046.0,31642.0,v6,18404.0,7.2207,
v4,v6,5109,A0_B1,v4,v6,DONE,DONE,29477.0,51510.0,v6,-22033.0,7.0018,
v4,v6,5109,B0_A1,v6,v4,DONE,DONE,51510.0,29477.0,v6,22033.0,7.0004,
v4,v6,5110,A0_B1,v4,v6,DONE,DONE,30257.0,53783.0,v6,-23526.0,7.1504,
v4,v6,5110,B0_A1,v6,v4,DONE,DONE,53545.0,30229.0,v6,23316.0,7.2327,
v4,v6,5111,A0_B1,v4,v6,DONE,DONE,37765.0,50133.0,v6,-12368.0,7.144,
v4,v6,5111,B0_A1,v6,v4,DONE,DONE,50133.0,37765.0,v6,12368.0,7.182,
v4,v6,5112,A0_B1,v4,v6,DONE,DONE,27045.0,45888.0,v6,-18843.0,6.8706,
v4,v6,5112,B0_A1,v6,v4,DONE,DONE,46382.0,26799.0,v6,19583.0,7.0082,
v4,v6,5113,A0_B1,v4,v6,DONE,DONE,32445.0,49159.0,v6,-16714.0,7.1081,
v4,v6,5113,B0_A1,v6,v4,DONE,DONE,48830.0,32435.0,v6,16395.0,7.1944,
v4,v6,5114,A0_B1,v4,v6,DONE,DONE,31436.0,54047.0,v6,-22611.0,7.0989,
v4,v6,5114,B0_A1,v6,v4,DONE,DONE,54089.0,31436.0,v6,22653.0,7.0771,
v4,v6,5115,A0_B1,v4,v6,DONE,DONE,31258.0,51988.0,v6,-20730.0,7.5793,
v4,v6,5115,B0_A1,v6,v4,DONE,DONE,51988.0,31258.0,v6,20730.0,7.6978,
v4,v6,5116,A0_B1,v4,v6,DONE,DONE,29114.0,49919.0,v6,-20805.0,7.0082,
v4,v6,5116,B0_A1,v6,v4,DONE,DONE,49919.0,29114.0,v6,20805.0,7.046,
v4,v6,5117,A0_B1,v4,v6,DONE,DONE,28774.0,48739.0,v6,-19965.0,6.8694,
v4,v6,5117,B0_A1,v6,v4,DONE,DONE,48739.0,28774.0,v6,19965.0,7.057,
v4,v6,5118,A0_B1,v4,v6,DONE,DONE,32077.0,51223.0,v6,-19146.0,7.5732,
v4,v6,5118,B0_A1,v6,v4,DONE,DONE,51393.0,32079.0,v6,19314.0,7.3762,
v4,v6,5119,A0_B1,v4,v6,DONE,DONE,33107.0,48452.0,v6,-15345.0,7.0078,
v4,v6,5119,B0_A1,v6,v4,DONE,DONE,48452.0,33107.0,v6,15345.0,6.9639,
v4,v6,5120,A0_B1,v4,v6,DONE,DONE,32799.0,51534.0,v6,-18735.0,6.8289,
v4,v6,5120,B0_A1,v6,v4,DONE,DONE,51103.0,32745.0,v6,18358.0,6.8754,
v5,v6,5101,A0_B1,v5,v6,DONE,DONE,46466.0,53839.0,v6,-7373.0,6.8371,
v5,v6,5101,B0_A1,v6,v5,DONE,DONE,53550.0,46117.0,v6,7433.0,6.7817,
v5,v6,5102,A0_B1,v5,v6,DONE,DONE,46425.0,52376.0,v6,-5951.0,6.7754,
v5,v6,5102,B0_A1,v6,v5,DONE,DONE,52573.0,46415.0,v6,6158.0,6.8699,
v5,v6,5103,A0_B1,v5,v6,DONE,DONE,44586.0,52284.0,v6,-7698.0,6.8763,
v5,v6,5103,B0_A1,v6,v5,DONE,DONE,49764.0,42396.0,v6,7368.0,6.965,
v5,v6,5104,A0_B1,v5,v6,DONE,DONE,48426.0,56093.0,v6,-7667.0,7.006,
v5,v6,5104,B0_A1,v6,v5,DONE,DONE,56093.0,48426.0,v6,7667.0,6.9687,
v5,v6,5105,A0_B1,v5,v6,DONE,DONE,47207.0,56442.0,v6,-9235.0,6.8945,
v5,v6,5105,B0_A1,v6,v5,DONE,DONE,54291.0,48402.0,v6,5889.0,6.9061,
v5,v6,5106,A0_B1,v5,v6,DONE,DONE,47071.0,53751.0,v6,-6680.0,6.7623,
v5,v6,5106,B0_A1,v6,v5,DONE,DONE,53751.0,47071.0,v6,6680.0,6.8073,
v5,v6,5107,A0_B1,v5,v6,DONE,DONE,47375.0,54849.0,v6,-7474.0,7.2063,
v5,v6,5107,B0_A1,v6,v5,DONE,DONE,54849.0,47375.0,v6,7474.0,7.209,
v5,v6,5108,A0_B1,v5,v6,DONE,DONE,44087.0,51924.0,v6,-7837.0,7.0849,
v5,v6,5108,B0_A1,v6,v5,DONE,DONE,51924.0,44087.0,v6,7837.0,7.2027,
v5,v6,5109,A0_B1,v5,v6,DONE,DONE,43902.0,49753.0,v6,-5851.0,6.8133,
v5,v6,5109,B0_A1,v6,v5,DONE,DONE,51325.0,46002.0,v6,5323.0,6.7964,
v5,v6,5110,A0_B1,v5,v6,DONE,DONE,46146.0,56019.0,v6,-9873.0,6.9377,
v5,v6,5110,B0_A1,v6,v5,DONE,DONE,55605.0,46146.0,v6,9459.0,7.0022,
v5,v6,5111,A0_B1,v5,v6,DONE,DONE,47021.0,53078.0,v6,-6057.0,6.7527,
v5,v6,5111,B0_A1,v6,v5,DONE,DONE,53958.0,47053.0,v6,6905.0,6.7755,
v5,v6,5112,A0_B1,v5,v6,DONE,DONE,47198.0,54083.0,v6,-6885.0,8.1971,
v5,v6,5112,B0_A1,v6,v5,DONE,DONE,54165.0,47377.0,v6,6788.0,8.154,
v5,v6,5113,A0_B1,v5,v6,DONE,DONE,47119.0,52945.0,v6,-5826.0,6.8064,
v5,v6,5113,B0_A1,v6,v5,DONE,DONE,53173.0,47228.0,v6,5945.0,6.8437,
v5,v6,5114,A0_B1,v5,v6,DONE,DONE,46635.0,55412.0,v6,-8777.0,6.8258,
v5,v6,5114,B0_A1,v6,v5,DONE,DONE,55290.0,46634.0,v6,8656.0,6.7469,
v5,v6,5115,A0_B1,v5,v6,DONE,DONE,45108.0,50654.0,v6,-5546.0,6.6894,
v5,v6,5115,B0_A1,v6,v5,DONE,DONE,50464.0,45107.0,v6,5357.0,6.7819,
v5,v6,5116,A0_B1,v5,v6,DONE,DONE,45009.0,51408.0,v6,-6399.0,6.8172,
v5,v6,5116,B0_A1,v6,v5,DONE,DONE,51408.0,45009.0,v6,6399.0,6.8521,
v5,v6,5117,A0_B1,v5,v6,DONE,DONE,46808.0,55560.0,v6,-8752.0,6.7997,
v5,v6,5117,B0_A1,v6,v5,DONE,DONE,55560.0,46808.0,v6,8752.0,6.8148,
v5,v6,5118,A0_B1,v5,v6,DONE,DONE,44689.0,50545.0,v6,-5856.0,6.8891,
v5,v6,5118,B0_A1,v6,v5,DONE,DONE,50798.0,44689.0,v6,6109.0,6.8125,
v5,v6,5119,A0_B1,v5,v6,DONE,DONE,48133.0,52624.0,v6,-4491.0,6.7615,
v5,v6,5119,B0_A1,v6,v5,DONE,DONE,54491.0,47894.0,v6,6597.0,6.9086,
v5,v6,5120,A0_B1,v5,v6,DONE,DONE,47957.0,57915.0,v6,-9958.0,6.8756,
v5,v6,5120,B0_A1,v6,v5,DONE,DONE,62175.0,47791.0,v6,14384.0,6.5648,
