variant,family,layer,layer_type,mean_output_rms,observations
base,bit_manipulation,0,mamba,0.02668040618300438,4
base,bit_manipulation,1,moe,0.03440021723508835,4
base,bit_manipulation,2,mamba,0.05616552382707596,4
base,bit_manipulation,3,moe,0.07499093562364578,4
base,bit_manipulation,4,mamba,0.14637374877929688,4
base,bit_manipulation,5,attention,0.15277311205863953,4
base,bit_manipulation,6,moe,0.1425381600856781,4
base,bit_manipulation,7,mamba,0.1698477864265442,4
base,bit_manipulation,8,moe,0.1834242343902588,4
base,bit_manipulation,9,mamba,0.233818918466568,4
base,bit_manipulation,10,moe,0.33296865224838257,4
base,bit_manipulation,11,mamba,0.5556166172027588,4
base,bit_manipulation,12,attention,0.5450544357299805,4
base,bit_manipulation,13,moe,0.6333751082420349,4
base,bit_manipulation,14,mamba,0.6898496747016907,4
base,bit_manipulation,15,moe,0.7429028749465942,4
base,bit_manipulation,16,mamba,0.7801346778869629,4
base,bit_manipulation,17,moe,0.9199861288070679,4
base,bit_manipulation,18,mamba,1.0540207624435425,4
base,bit_manipulation,19,attention,1.0121482610702515,4
base,bit_manipulation,20,moe,1.089311122894287,4
base,bit_manipulation,21,mamba,1.1505012512207031,4
base,bit_manipulation,22,moe,1.3442295789718628,4
base,bit_manipulation,23,mamba,1.3852708339691162,4
base,bit_manipulation,24,moe,1.6984775066375732,4
base,bit_manipulation,25,mamba,1.9216220378875732,4
base,bit_manipulation,26,attention,1.8172811269760132,4
base,bit_manipulation,27,moe,2.1272716522216797,4
base,bit_manipulation,28,mamba,2.2697439193725586,4
base,bit_manipulation,29,moe,2.579162836074829,4
base,bit_manipulation,30,mamba,2.898759365081787,4
base,bit_manipulation,31,moe,3.2614035606384277,4
base,bit_manipulation,32,mamba,3.677586317062378,4
base,bit_manipulation,33,attention,3.52345609664917,4
base,bit_manipulation,34,moe,3.901811122894287,4
base,bit_manipulation,35,mamba,4.189678192138672,4
base,bit_manipulation,36,moe,4.41813850402832,4
base,bit_manipulation,37,mamba,4.6564555168151855,4
base,bit_manipulation,38,moe,5.236236572265625,4
base,bit_manipulation,39,mamba,5.4966888427734375,4
base,bit_manipulation,40,moe,6.422161102294922,4
base,bit_manipulation,41,mamba,7.041625022888184,4
base,bit_manipulation,42,attention,6.640600204467773,4
base,bit_manipulation,43,moe,6.7498321533203125,4
base,bit_manipulation,44,mamba,7.154367923736572,4
base,bit_manipulation,45,moe,7.536316871643066,4
base,bit_manipulation,46,mamba,8.168668746948242,4
base,bit_manipulation,47,moe,8.995660781860352,4
base,bit_manipulation,48,mamba,10.200210571289062,4
base,bit_manipulation,49,moe,11.213581085205078,4
base,bit_manipulation,50,mamba,13.824724197387695,4
base,bit_manipulation,51,moe,16.649927139282227,4
base,equation_transform,0,mamba,0.02743929624557495,4
base,equation_transform,1,moe,0.03522751107811928,4
base,equation_transform,2,mamba,0.054150115698575974,4
base,equation_transform,3,moe,0.07258438318967819,4
base,equation_transform,4,mamba,0.19183379411697388,4
base,equation_transform,5,attention,0.19375678896903992,4
base,equation_transform,6,moe,0.1375119537115097,4
base,equation_transform,7,mamba,0.16251268982887268,4
base,equation_transform,8,moe,0.19046781957149506,4
base,equation_transform,9,mamba,0.2360372543334961,4
base,equation_transform,10,moe,0.38949286937713623,4
base,equation_transform,11,mamba,0.7771197557449341,4
base,equation_transform,12,attention,0.7590160965919495,4
base,equation_transform,13,moe,0.891200840473175,4
base,equation_transform,14,mamba,0.9412779211997986,4
base,equation_transform,15,moe,1.0026605129241943,4
base,equation_transform,16,mamba,1.0425491333007812,4
base,equation_transform,17,moe,1.1827549934387207,4
base,equation_transform,18,mamba,1.3123929500579834,4
base,equation_transform,19,attention,1.2361572980880737,4
base,equation_transform,20,moe,1.3153557777404785,4
base,equation_transform,21,mamba,1.3645424842834473,4
base,equation_transform,22,moe,1.5372847318649292,4
base,equation_transform,23,mamba,1.5810089111328125,4
base,equation_transform,24,moe,1.8979936838150024,4
base,equation_transform,25,mamba,2.138477325439453,4
base,equation_transform,26,attention,1.9789459705352783,4
base,equation_transform,27,moe,2.2260618209838867,4
base,equation_transform,28,mamba,2.3267059326171875,4
base,equation_transform,29,moe,2.7096495628356934,4
base,equation_transform,30,mamba,3.0102884769439697,4
base,equation_transform,31,moe,3.4347269535064697,4
base,equation_transform,32,mamba,3.932204246520996,4
base,equation_transform,33,attention,3.636354684829712,4
base,equation_transform,34,moe,3.9916114807128906,4
base,equation_transform,35,mamba,4.232100486755371,4
base,equation_transform,36,moe,4.586255073547363,4
base,equation_transform,37,mamba,4.791888236999512,4
base,equation_transform,38,moe,5.2309417724609375,4
base,equation_transform,39,mamba,5.487590312957764,4
base,equation_transform,40,moe,6.488187313079834,4
base,equation_transform,41,mamba,7.263601779937744,4
base,equation_transform,42,attention,6.383099555969238,4
base,equation_transform,43,moe,6.479296684265137,4
base,equation_transform,44,mamba,6.5651068687438965,4
base,equation_transform,45,moe,7.022816181182861,4
base,equation_transform,46,mamba,7.388442516326904,4
base,equation_transform,47,moe,8.00961971282959,4
base,equation_transform,48,mamba,9.020757675170898,4
base,equation_transform,49,moe,10.021039962768555,4
base,equation_transform,50,mamba,12.147027015686035,4
base,equation_transform,51,moe,12.904805183410645,4
base,gravity_formula,0,mamba,0.026747355237603188,4
base,gravity_formula,1,moe,0.033639535307884216,4
base,gravity_formula,2,mamba,0.05229390040040016,4
base,gravity_formula,3,moe,0.06825379282236099,4
base,gravity_formula,4,mamba,0.16855405271053314,4
base,gravity_formula,5,attention,0.17157943546772003,4
base,gravity_formula,6,moe,0.1296677589416504,4
base,gravity_formula,7,mamba,0.15165650844573975,4
base,gravity_formula,8,moe,0.17648960649967194,4
base,gravity_formula,9,mamba,0.22436466813087463,4
base,gravity_formula,10,moe,0.3366733491420746,4
base,gravity_formula,11,mamba,0.635633111000061,4
base,gravity_formula,12,attention,0.6202815175056458,4
base,gravity_formula,13,moe,0.7312922477722168,4
base,gravity_formula,14,mamba,0.7800077199935913,4
base,gravity_formula,15,moe,0.8389664888381958,4
base,gravity_formula,16,mamba,0.8727666735649109,4
base,gravity_formula,17,moe,1.0237139463424683,4
base,gravity_formula,18,mamba,1.1520673036575317,4
base,gravity_formula,19,attention,1.073286533355713,4
base,gravity_formula,20,moe,1.1647169589996338,4
base,gravity_formula,21,mamba,1.2096939086914062,4
base,gravity_formula,22,moe,1.405515432357788,4
base,gravity_formula,23,mamba,1.4421508312225342,4
base,gravity_formula,24,moe,1.7425888776779175,4
base,gravity_formula,25,mamba,1.9803276062011719,4
base,gravity_formula,26,attention,1.8171478509902954,4
base,gravity_formula,27,moe,2.1294798851013184,4
base,gravity_formula,28,mamba,2.2451298236846924,4
base,gravity_formula,29,moe,2.6681861877441406,4
base,gravity_formula,30,mamba,2.9398467540740967,4
base,gravity_formula,31,moe,3.3379812240600586,4
base,gravity_formula,32,mamba,3.7727434635162354,4
base,gravity_formula,33,attention,3.5688157081604004,4
base,gravity_formula,34,moe,4.017609596252441,4
base,gravity_formula,35,mamba,4.295436382293701,4
base,gravity_formula,36,moe,4.592546463012695,4
base,gravity_formula,37,mamba,4.747471332550049,4
base,gravity_formula,38,moe,5.342534065246582,4
base,gravity_formula,39,mamba,5.632851600646973,4
base,gravity_formula,40,moe,6.652795791625977,4
base,gravity_formula,41,mamba,7.289969444274902,4
base,gravity_formula,42,attention,6.739780902862549,4
base,gravity_formula,43,moe,6.840221405029297,4
base,gravity_formula,44,mamba,6.964521884918213,4
base,gravity_formula,45,moe,7.442253112792969,4
base,gravity_formula,46,mamba,7.877079486846924,4
base,gravity_formula,47,moe,8.70467472076416,4
base,gravity_formula,48,mamba,10.123628616333008,4
base,gravity_formula,49,moe,11.181144714355469,4
base,gravity_formula,50,mamba,13.442461013793945,4
base,gravity_formula,51,moe,15.257949829101562,4
base,numeral_system,0,mamba,0.03061952441930771,4
base,numeral_system,1,moe,0.040129419416189194,4
base,numeral_system,2,mamba,0.05748854577541351,4
base,numeral_system,3,moe,0.08241204917430878,4
base,numeral_system,4,mamba,0.22124500572681427,4
base,numeral_system,5,attention,0.22244194149971008,4
base,numeral_system,6,moe,0.1479797214269638,4
base,numeral_system,7,mamba,0.1706811487674713,4
base,numeral_system,8,moe,0.2072550505399704,4
base,numeral_system,9,mamba,0.25126582384109497,4
base,numeral_system,10,moe,0.41907042264938354,4
base,numeral_system,11,mamba,0.8335493803024292,4
base,numeral_system,12,attention,0.8131939768791199,4
base,numeral_system,13,moe,0.9501927495002747,4
base,numeral_system,14,mamba,1.0003490447998047,4
base,numeral_system,15,moe,1.0660380125045776,4
base,numeral_system,16,mamba,1.1019330024719238,4
base,numeral_system,17,moe,1.2469677925109863,4
base,numeral_system,18,mamba,1.3752315044403076,4
base,numeral_system,19,attention,1.2981675863265991,4
base,numeral_system,20,moe,1.3684258460998535,4
base,numeral_system,21,mamba,1.4099329710006714,4
base,numeral_system,22,moe,1.5628254413604736,4
base,numeral_system,23,mamba,1.610962152481079,4
base,numeral_system,24,moe,1.9077692031860352,4
base,numeral_system,25,mamba,2.1406030654907227,4
base,numeral_system,26,attention,1.9829801321029663,4
base,numeral_system,27,moe,2.227006435394287,4
base,numeral_system,28,mamba,2.326228141784668,4
base,numeral_system,29,moe,2.671163558959961,4
base,numeral_system,30,mamba,2.9311699867248535,4
base,numeral_system,31,moe,3.4349887371063232,4
base,numeral_system,32,mamba,3.9140353202819824,4
base,numeral_system,33,attention,3.5718302726745605,4
base,numeral_system,34,moe,3.855290651321411,4
base,numeral_system,35,mamba,4.068448543548584,4
base,numeral_system,36,moe,4.383431911468506,4
base,numeral_system,37,mamba,4.579602241516113,4
base,numeral_system,38,moe,4.976560592651367,4
base,numeral_system,39,mamba,5.23696231842041,4
base,numeral_system,40,moe,6.358222007751465,4
base,numeral_system,41,mamba,7.15998649597168,4
base,numeral_system,42,attention,6.22213077545166,4
base,numeral_system,43,moe,6.311822891235352,4
base,numeral_system,44,mamba,6.313673496246338,4
base,numeral_system,45,moe,6.84178352355957,4
base,numeral_system,46,mamba,7.123772621154785,4
base,numeral_system,47,moe,7.7917890548706055,4
base,numeral_system,48,mamba,8.515400886535645,4
base,numeral_system,49,moe,9.366146087646484,4
base,numeral_system,50,mamba,11.03897762298584,4
base,numeral_system,51,moe,11.719881057739258,4
base,text_decryption,0,mamba,0.03304121643304825,4
base,text_decryption,1,moe,0.04962066188454628,4
base,text_decryption,2,mamba,0.06475719809532166,4
base,text_decryption,3,moe,0.08488726615905762,4
base,text_decryption,4,mamba,0.1645578145980835,4
base,text_decryption,5,attention,0.16701549291610718,4
base,text_decryption,6,moe,0.14648370444774628,4
base,text_decryption,7,mamba,0.1648743450641632,4
base,text_decryption,8,moe,0.19874076545238495,4
base,text_decryption,9,mamba,0.2507582902908325,4
base,text_decryption,10,moe,0.35284966230392456,4
base,text_decryption,11,mamba,0.6456741094589233,4
base,text_decryption,12,attention,0.6292712688446045,4
base,text_decryption,13,moe,0.7262100577354431,4
base,text_decryption,14,mamba,0.7753033638000488,4
base,text_decryption,15,moe,0.8364797234535217,4
base,text_decryption,16,mamba,0.8748050928115845,4
base,text_decryption,17,moe,0.9857054948806763,4
base,text_decryption,18,mamba,1.106147289276123,4
base,text_decryption,19,attention,1.057837963104248,4
base,text_decryption,20,moe,1.1091119050979614,4
base,text_decryption,21,mamba,1.1726950407028198,4
base,text_decryption,22,moe,1.3045036792755127,4
base,text_decryption,23,mamba,1.3649307489395142,4
base,text_decryption,24,moe,1.6074104309082031,4
base,text_decryption,25,mamba,1.8226842880249023,4
base,text_decryption,26,attention,1.6949020624160767,4
base,text_decryption,27,moe,1.9095484018325806,4
base,text_decryption,28,mamba,2.059784412384033,4
base,text_decryption,29,moe,2.314521312713623,4
base,text_decryption,30,mamba,2.6833269596099854,4
base,text_decryption,31,moe,2.9484145641326904,4
base,text_decryption,32,mamba,3.3693008422851562,4
base,text_decryption,33,attention,3.1731183528900146,4
base,text_decryption,34,moe,3.4901773929595947,4
base,text_decryption,35,mamba,3.8566102981567383,4
base,text_decryption,36,moe,4.084731578826904,4
base,text_decryption,37,mamba,4.350196838378906,4
base,text_decryption,38,moe,4.532094478607178,4
base,text_decryption,39,mamba,4.827367782592773,4
base,text_decryption,40,moe,5.710692405700684,4
base,text_decryption,41,mamba,6.421026229858398,4
base,text_decryption,42,attention,5.798740386962891,4
base,text_decryption,43,moe,5.941444396972656,4
base,text_decryption,44,mamba,6.066324234008789,4
base,text_decryption,45,moe,6.375441551208496,4
base,text_decryption,46,mamba,6.544702053070068,4
base,text_decryption,47,moe,7.188104629516602,4
base,text_decryption,48,mamba,7.644023895263672,4
base,text_decryption,49,moe,8.800941467285156,4
base,text_decryption,50,mamba,10.016390800476074,4
base,text_decryption,51,moe,12.497750282287598,4
base,unit_conversion,0,mamba,0.02714536152780056,4
base,unit_conversion,1,moe,0.034775592386722565,4
base,unit_conversion,2,mamba,0.0533992275595665,4
base,unit_conversion,3,moe,0.06983856856822968,4
base,unit_conversion,4,mamba,0.1744307428598404,4
base,unit_conversion,5,attention,0.17743048071861267,4
base,unit_conversion,6,moe,0.13435181975364685,4
base,unit_conversion,7,mamba,0.15561039745807648,4
base,unit_conversion,8,moe,0.18101716041564941,4
base,unit_conversion,9,mamba,0.22895275056362152,4
base,unit_conversion,10,moe,0.3614651560783386,4
base,unit_conversion,11,mamba,0.710797905921936,4
base,unit_conversion,12,attention,0.697583794593811,4
base,unit_conversion,13,moe,0.8161332011222839,4
base,unit_conversion,14,mamba,0.86397784948349,4
base,unit_conversion,15,moe,0.9231808185577393,4
base,unit_conversion,16,mamba,0.9619646072387695,4
base,unit_conversion,17,moe,1.099549651145935,4
base,unit_conversion,18,mamba,1.2212698459625244,4
base,unit_conversion,19,attention,1.165271520614624,4
base,unit_conversion,20,moe,1.2342256307601929,4
base,unit_conversion,21,mamba,1.2809069156646729,4
base,unit_conversion,22,moe,1.4776722192764282,4
base,unit_conversion,23,mamba,1.5245022773742676,4
base,unit_conversion,24,moe,1.8334968090057373,4
base,unit_conversion,25,mamba,2.0553736686706543,4
base,unit_conversion,26,attention,1.9328519105911255,4
base,unit_conversion,27,moe,2.200627088546753,4
base,unit_conversion,28,mamba,2.3130409717559814,4
base,unit_conversion,29,moe,2.717156410217285,4
base,unit_conversion,30,mamba,3.0302348136901855,4
base,unit_conversion,31,moe,3.406191110610962,4
base,unit_conversion,32,mamba,3.8606810569763184,4
base,unit_conversion,33,attention,3.695732831954956,4
base,unit_conversion,34,moe,4.120917797088623,4
base,unit_conversion,35,mamba,4.470326900482178,4
base,unit_conversion,36,moe,4.7601165771484375,4
base,unit_conversion,37,mamba,5.064096450805664,4
base,unit_conversion,38,moe,5.419004440307617,4
base,unit_conversion,39,mamba,5.755316734313965,4
base,unit_conversion,40,moe,6.748403072357178,4
base,unit_conversion,41,mamba,7.43925666809082,4
base,unit_conversion,42,attention,6.861295700073242,4
base,unit_conversion,43,moe,6.883260726928711,4
base,unit_conversion,44,mamba,7.160871505737305,4
base,unit_conversion,45,moe,7.610239505767822,4
base,unit_conversion,46,mamba,8.170982360839844,4
base,unit_conversion,47,moe,8.937335968017578,4
base,unit_conversion,48,mamba,10.351533889770508,4
base,unit_conversion,49,moe,11.380109786987305,4
base,unit_conversion,50,mamba,13.874387741088867,4
base,unit_conversion,51,moe,16.432987213134766,4
