variant,layer,expert,count,weight_sum,family_coverage,total_families,balanced_routing_share,balanced_weight_share,rank_in_layer,up_proj_module,down_proj_module
base,49,95,1353,833.24095787853,6,6,0.06463003764464681,0.09576266959608784,1,backbone.layers.49.mixer.experts.95.up_proj,backbone.layers.49.mixer.experts.95.down_proj
base,49,78,1326,801.2521608173847,6,6,0.06100513598008648,0.08538147150076678,2,backbone.layers.49.mixer.experts.78.up_proj,backbone.layers.49.mixer.experts.78.down_proj
base,49,21,620,311.64317032694817,6,6,0.038803171189871845,0.046680534971758766,3,backbone.layers.49.mixer.experts.21.up_proj,backbone.layers.49.mixer.experts.21.down_proj
base,49,74,586,239.43310918658972,6,6,0.03408131686166907,0.0339660444848663,4,backbone.layers.49.mixer.experts.74.up_proj,backbone.layers.49.mixer.experts.74.down_proj
base,49,82,655,177.5996920624748,6,6,0.03285449517325463,0.02149517428224246,5,backbone.layers.49.mixer.experts.82.up_proj,backbone.layers.49.mixer.experts.82.down_proj
base,49,61,695,333.6778201982379,6,6,0.030982005622930527,0.03522648961352533,6,backbone.layers.49.mixer.experts.61.up_proj,backbone.layers.49.mixer.experts.61.down_proj
base,49,115,519,245.3999679237604,6,6,0.028896173517877995,0.03320243306967138,7,backbone.layers.49.mixer.experts.115.up_proj,backbone.layers.49.mixer.experts.115.down_proj
base,49,52,537,248.0882302671671,6,6,0.027956067709749045,0.031604828805548,8,backbone.layers.49.mixer.experts.52.up_proj,backbone.layers.49.mixer.experts.52.down_proj
base,40,15,1892,995.1561907753348,6,6,0.10241612578378678,0.13635923273274406,1,backbone.layers.40.mixer.experts.15.up_proj,backbone.layers.40.mixer.experts.15.down_proj
base,40,12,1498,761.6617999225855,6,6,0.0897457703244743,0.11549833219042091,2,backbone.layers.40.mixer.experts.12.up_proj,backbone.layers.40.mixer.experts.12.down_proj
base,40,127,1162,389.49803868308663,6,6,0.06417917712913751,0.050915259760352174,3,backbone.layers.40.mixer.experts.127.up_proj,backbone.layers.40.mixer.experts.127.down_proj
base,40,92,680,317.8745592609048,6,6,0.03651538577991658,0.041944396318336664,4,backbone.layers.40.mixer.experts.92.up_proj,backbone.layers.40.mixer.experts.92.down_proj
base,40,62,626,195.2502230629325,6,6,0.032102262645681064,0.023533055442962334,5,backbone.layers.40.mixer.experts.62.up_proj,backbone.layers.40.mixer.experts.62.down_proj
base,40,9,496,268.7660622894764,6,6,0.028899918866946685,0.037589347211009774,6,backbone.layers.40.mixer.experts.9.up_proj,backbone.layers.40.mixer.experts.9.down_proj
base,40,18,539,153.06478483229876,6,6,0.027786183714618766,0.018584886770688282,7,backbone.layers.40.mixer.experts.18.up_proj,backbone.layers.40.mixer.experts.18.down_proj
base,40,112,864,687.7270472869277,6,6,0.026551486661635523,0.049079675065745135,8,backbone.layers.40.mixer.experts.112.up_proj,backbone.layers.40.mixer.experts.112.down_proj
base,38,101,1525,803.3692120313644,6,6,0.0874008225746088,0.11379352728954958,1,backbone.layers.38.mixer.experts.101.up_proj,backbone.layers.38.mixer.experts.101.down_proj
base,38,85,1285,581.3775159269571,6,6,0.06156425565837027,0.06550822752226569,2,backbone.layers.38.mixer.experts.85.up_proj,backbone.layers.38.mixer.experts.85.down_proj
base,38,112,1055,441.08627701178193,6,6,0.05914242961475575,0.05851399734818992,3,backbone.layers.38.mixer.experts.112.up_proj,backbone.layers.38.mixer.experts.112.down_proj
base,38,20,840,378.36348827183247,6,6,0.053119759450165185,0.05712045914030198,4,backbone.layers.38.mixer.experts.20.up_proj,backbone.layers.38.mixer.experts.20.down_proj
base,38,57,1117,827.6108942180872,6,6,0.052666774405523115,0.08570734887463577,5,backbone.layers.38.mixer.experts.57.up_proj,backbone.layers.38.mixer.experts.57.down_proj
base,38,14,856,542.376362837851,6,6,0.04536006957643091,0.06648494777823677,6,backbone.layers.38.mixer.experts.14.up_proj,backbone.layers.38.mixer.experts.14.down_proj
base,38,63,605,253.65817480534315,6,6,0.03197370227503958,0.03025740696265817,7,backbone.layers.38.mixer.experts.63.up_proj,backbone.layers.38.mixer.experts.63.down_proj
base,38,26,479,197.44105657935143,6,6,0.026659807277792914,0.027664993670102046,8,backbone.layers.38.mixer.experts.26.up_proj,backbone.layers.38.mixer.experts.26.down_proj
base,6,106,945,414.43367996811867,6,6,0.050499001054585525,0.053732749487547006,1,backbone.layers.6.mixer.experts.106.up_proj,backbone.layers.6.mixer.experts.106.down_proj
base,6,52,1119,602.5242230892181,6,6,0.049641796537588795,0.06285509090633432,2,backbone.layers.6.mixer.experts.52.up_proj,backbone.layers.6.mixer.experts.52.down_proj
base,6,111,674,274.0343562364578,6,6,0.03258895844272446,0.03243452230578358,3,backbone.layers.6.mixer.experts.111.up_proj,backbone.layers.6.mixer.experts.111.down_proj
base,6,13,402,154.83941428735852,6,6,0.020968141691989007,0.0196773159777995,4,backbone.layers.6.mixer.experts.13.up_proj,backbone.layers.6.mixer.experts.13.down_proj
base,6,127,435,185.22600550949574,6,6,0.020797613802930496,0.021512481043363174,5,backbone.layers.6.mixer.experts.127.up_proj,backbone.layers.6.mixer.experts.127.down_proj
base,6,107,335,130.38415648043156,6,6,0.020198088520327295,0.01931679722100061,6,backbone.layers.6.mixer.experts.107.up_proj,backbone.layers.6.mixer.experts.107.down_proj
base,6,15,343,139.40764267742634,6,6,0.01914996776269988,0.018543809886219616,7,backbone.layers.6.mixer.experts.15.up_proj,backbone.layers.6.mixer.experts.15.down_proj
base,6,29,341,126.1465974599123,6,6,0.018805428123253184,0.01679315013807975,8,backbone.layers.6.mixer.experts.29.up_proj,backbone.layers.6.mixer.experts.29.down_proj
base,47,2,1153,469.10690486989915,6,6,0.06076063701798633,0.059193824767760236,1,backbone.layers.47.mixer.experts.2.up_proj,backbone.layers.47.mixer.experts.2.down_proj
base,47,11,1062,405.2738482542336,6,6,0.05077362625917181,0.04606185146411308,2,backbone.layers.47.mixer.experts.11.up_proj,backbone.layers.47.mixer.experts.11.down_proj
base,47,64,906,567.3287936449051,6,6,0.04520671343740049,0.06696245122566748,3,backbone.layers.47.mixer.experts.64.up_proj,backbone.layers.47.mixer.experts.64.down_proj
base,47,75,636,329.791476868093,6,6,0.03753176287782634,0.047342636259114626,4,backbone.layers.47.mixer.experts.75.up_proj,backbone.layers.47.mixer.experts.75.down_proj
base,47,1,734,249.40919889509678,6,6,0.037188137689949066,0.030314815049405728,5,backbone.layers.47.mixer.experts.1.up_proj,backbone.layers.47.mixer.experts.1.down_proj
base,47,12,567,364.4471368342638,6,6,0.031711028015473444,0.04974507364405079,6,backbone.layers.47.mixer.experts.12.up_proj,backbone.layers.47.mixer.experts.12.down_proj
base,47,53,573,230.61026461422443,6,6,0.02717502147566674,0.02498654327172945,7,backbone.layers.47.mixer.experts.53.up_proj,backbone.layers.47.mixer.experts.53.down_proj
base,47,24,507,260.4761333167553,6,6,0.02607378161375576,0.032632970341905945,8,backbone.layers.47.mixer.experts.24.up_proj,backbone.layers.47.mixer.experts.24.down_proj
base,8,11,1826,829.5393584817648,6,6,0.09712075246484084,0.10825329285000354,1,backbone.layers.8.mixer.experts.11.up_proj,backbone.layers.8.mixer.experts.11.down_proj
base,8,69,1095,543.6390616595745,6,6,0.06142471915728201,0.07317225267319388,2,backbone.layers.8.mixer.experts.69.up_proj,backbone.layers.8.mixer.experts.69.down_proj
base,8,61,749,305.8188303858042,6,6,0.03677195472565872,0.035504807851102105,3,backbone.layers.8.mixer.experts.61.up_proj,backbone.layers.8.mixer.experts.61.down_proj
base,8,101,590,236.08622682094574,6,6,0.03332093322047529,0.03172128351680507,4,backbone.layers.8.mixer.experts.101.up_proj,backbone.layers.8.mixer.experts.101.down_proj
base,8,10,513,251.05042803287506,6,6,0.03121326844868301,0.0365309170998684,5,backbone.layers.8.mixer.experts.10.up_proj,backbone.layers.8.mixer.experts.10.down_proj
base,8,77,591,209.83507433533669,6,6,0.029471636696638246,0.024882206556280408,6,backbone.layers.8.mixer.experts.77.up_proj,backbone.layers.8.mixer.experts.77.down_proj
base,8,90,597,230.4244535714388,6,6,0.028417524057525075,0.026298819393841117,7,backbone.layers.8.mixer.experts.90.up_proj,backbone.layers.8.mixer.experts.90.down_proj
base,8,117,556,279.45536282658577,6,6,0.027814855135475824,0.03319535975684732,8,backbone.layers.8.mixer.experts.117.up_proj,backbone.layers.8.mixer.experts.117.down_proj
base,27,26,2808,1366.4281137883663,6,6,0.14093270701128477,0.1653449221491269,1,backbone.layers.27.mixer.experts.26.up_proj,backbone.layers.27.mixer.experts.26.down_proj
base,27,33,2002,880.0584573596716,6,6,0.10076847782782758,0.10901972262416432,2,backbone.layers.27.mixer.experts.33.up_proj,backbone.layers.27.mixer.experts.33.down_proj
base,27,90,1070,467.0522826164961,6,6,0.05994245347971333,0.06210989878235435,3,backbone.layers.27.mixer.experts.90.up_proj,backbone.layers.27.mixer.experts.90.down_proj
base,27,0,1277,643.8354076445103,6,6,0.05741763491521244,0.06805871996202875,4,backbone.layers.27.mixer.experts.0.up_proj,backbone.layers.27.mixer.experts.0.down_proj
base,27,102,634,263.6028204858303,6,6,0.0323991639081737,0.03199913903865946,5,backbone.layers.27.mixer.experts.102.up_proj,backbone.layers.27.mixer.experts.102.down_proj
base,27,21,787,316.7056525796652,6,6,0.03230370201529608,0.03099893792692091,6,backbone.layers.27.mixer.experts.21.up_proj,backbone.layers.27.mixer.experts.21.down_proj
base,27,13,539,289.2245308160782,6,6,0.027230633493844685,0.03670535035708217,7,backbone.layers.27.mixer.experts.13.up_proj,backbone.layers.27.mixer.experts.13.down_proj
base,27,2,415,149.36095342040062,6,6,0.024291219349105872,0.020976644787734772,8,backbone.layers.27.mixer.experts.2.up_proj,backbone.layers.27.mixer.experts.2.down_proj
base,51,36,1673,743.5538486540318,6,6,0.09075478592575044,0.09386678901215445,1,backbone.layers.51.mixer.experts.36.up_proj,backbone.layers.51.mixer.experts.36.down_proj
base,51,9,1098,447.328159336932,6,6,0.05297358037654071,0.05162618478506557,2,backbone.layers.51.mixer.experts.9.up_proj,backbone.layers.51.mixer.experts.9.down_proj
base,51,55,706,322.66829515248537,6,6,0.04351279758781945,0.04801993842963004,3,backbone.layers.51.mixer.experts.55.up_proj,backbone.layers.51.mixer.experts.55.down_proj
base,51,85,500,289.9332919418812,6,6,0.029189348869606196,0.042322098352790605,4,backbone.layers.51.mixer.experts.85.up_proj,backbone.layers.51.mixer.experts.85.down_proj
base,51,35,543,252.0880687981844,6,6,0.025767808148460514,0.029067757681691925,5,backbone.layers.51.mixer.experts.35.up_proj,backbone.layers.51.mixer.experts.35.down_proj
base,51,120,398,195.76606822013855,6,6,0.020477491777552394,0.02452468546231328,6,backbone.layers.51.mixer.experts.120.up_proj,backbone.layers.51.mixer.experts.120.down_proj
base,51,57,589,312.03027307987213,6,6,0.02026163533226933,0.025654898933155,7,backbone.layers.51.mixer.experts.57.up_proj,backbone.layers.51.mixer.experts.57.down_proj
base,51,92,373,88.47312390431762,6,6,0.018266944455053585,0.010444238573829702,8,backbone.layers.51.mixer.experts.92.up_proj,backbone.layers.51.mixer.experts.92.down_proj
base,22,55,1546,921.6523702591658,6,6,0.07243890978287433,0.10106570162119843,1,backbone.layers.22.mixer.experts.55.up_proj,backbone.layers.22.mixer.experts.55.down_proj
base,22,49,934,383.92862816154957,6,6,0.051202768758959794,0.05052827590236717,2,backbone.layers.22.mixer.experts.49.up_proj,backbone.layers.22.mixer.experts.49.down_proj
base,22,94,1032,549.4763387441635,6,6,0.04739788749146771,0.06173195047812483,3,backbone.layers.22.mixer.experts.94.up_proj,backbone.layers.22.mixer.experts.94.down_proj
base,22,9,866,419.52916184067726,6,6,0.038964646451395454,0.046469829637505136,4,backbone.layers.22.mixer.experts.9.up_proj,backbone.layers.22.mixer.experts.9.down_proj
base,22,101,532,208.87946969270706,6,6,0.029861553792762403,0.028099619468098167,5,backbone.layers.22.mixer.experts.101.up_proj,backbone.layers.22.mixer.experts.101.down_proj
base,22,43,505,199.67070274055004,6,6,0.028204248649228176,0.02734180480580682,6,backbone.layers.22.mixer.experts.43.up_proj,backbone.layers.22.mixer.experts.43.down_proj
base,22,50,514,194.04276165366173,6,6,0.025402750212147558,0.02311709159388304,7,backbone.layers.22.mixer.experts.50.up_proj,backbone.layers.22.mixer.experts.50.down_proj
base,22,2,405,113.64616400375962,6,6,0.021690430656677424,0.014385155519823195,8,backbone.layers.22.mixer.experts.2.up_proj,backbone.layers.22.mixer.experts.2.down_proj
base,34,4,1970,1067.6778926998377,6,6,0.10108021202014014,0.1314427046968706,1,backbone.layers.34.mixer.experts.4.up_proj,backbone.layers.34.mixer.experts.4.down_proj
base,34,25,1380,588.0462315035984,6,6,0.06500967857770856,0.06627925704104731,2,backbone.layers.34.mixer.experts.25.up_proj,backbone.layers.34.mixer.experts.25.down_proj
base,34,50,925,347.3250465840101,6,6,0.05426635212296863,0.04973746793681122,3,backbone.layers.34.mixer.experts.50.up_proj,backbone.layers.34.mixer.experts.50.down_proj
base,34,78,805,82.56678418535739,6,6,0.04234093765250727,0.010711479337633754,4,backbone.layers.34.mixer.experts.78.up_proj,backbone.layers.34.mixer.experts.78.down_proj
base,34,97,715,309.65396159887314,6,6,0.04007184554474759,0.041660713915604525,5,backbone.layers.34.mixer.experts.97.up_proj,backbone.layers.34.mixer.experts.97.down_proj
base,34,57,599,286.19015397131443,6,6,0.033394530156678495,0.03944676331577302,6,backbone.layers.34.mixer.experts.57.up_proj,backbone.layers.34.mixer.experts.57.down_proj
base,34,21,358,120.13515155017376,6,6,0.026273161358284218,0.02143712589552445,7,backbone.layers.34.mixer.experts.21.up_proj,backbone.layers.34.mixer.experts.21.down_proj
base,34,124,549,224.59922769665718,6,6,0.025819578295005714,0.025061177106343688,8,backbone.layers.34.mixer.experts.124.up_proj,backbone.layers.34.mixer.experts.124.down_proj
base,36,14,2321,1213.9866629689932,6,6,0.11739887238561239,0.14727013107198933,1,backbone.layers.36.mixer.experts.14.up_proj,backbone.layers.36.mixer.experts.14.down_proj
base,36,93,1216,420.4953187331557,6,6,0.06069909518829408,0.04989562341245936,2,backbone.layers.36.mixer.experts.93.up_proj,backbone.layers.36.mixer.experts.93.down_proj
base,36,28,997,391.07441479712725,6,6,0.051438003666578004,0.049289133371177726,3,backbone.layers.36.mixer.experts.28.up_proj,backbone.layers.36.mixer.experts.28.down_proj
base,36,82,884,363.38275220245123,6,6,0.042479766930271334,0.03981880083593238,4,backbone.layers.36.mixer.experts.82.up_proj,backbone.layers.36.mixer.experts.82.down_proj
base,36,24,572,206.6405926719308,6,6,0.028946004750688398,0.024355616061313774,5,backbone.layers.36.mixer.experts.24.up_proj,backbone.layers.36.mixer.experts.24.down_proj
base,36,105,454,198.54960227757692,6,6,0.028634922348380325,0.02986638841322123,6,backbone.layers.36.mixer.experts.105.up_proj,backbone.layers.36.mixer.experts.105.down_proj
base,36,40,489,224.39311201870441,6,6,0.02811136137794761,0.03089260222005104,7,backbone.layers.36.mixer.experts.40.up_proj,backbone.layers.36.mixer.experts.40.down_proj
base,36,27,429,196.45669266581535,6,6,0.02448895058531348,0.02776825883921897,8,backbone.layers.36.mixer.experts.27.up_proj,backbone.layers.36.mixer.experts.27.down_proj
base,3,62,281,113.4954746067524,6,6,0.016737471414362447,0.015963631204764614,1,backbone.layers.3.mixer.experts.62.up_proj,backbone.layers.3.mixer.experts.62.down_proj
base,3,115,284,120.07984426617622,6,6,0.01652262847342849,0.016918367265803397,2,backbone.layers.3.mixer.experts.115.up_proj,backbone.layers.3.mixer.experts.115.down_proj
base,3,70,343,118.43716023862362,6,6,0.016110982877138847,0.01318292298645333,3,backbone.layers.3.mixer.experts.70.up_proj,backbone.layers.3.mixer.experts.70.down_proj
base,3,81,448,230.6532532721758,6,6,0.016009868655605893,0.018999534035897533,4,backbone.layers.3.mixer.experts.81.up_proj,backbone.layers.3.mixer.experts.81.down_proj
base,3,9,265,104.86040362715721,6,6,0.015195630481742058,0.014200084828312063,5,backbone.layers.3.mixer.experts.9.up_proj,backbone.layers.3.mixer.experts.9.down_proj
base,3,37,251,124.24495761096478,6,6,0.014504358131500404,0.01730771942794417,6,backbone.layers.3.mixer.experts.37.up_proj,backbone.layers.3.mixer.experts.37.down_proj
base,3,5,256,91.79212701320648,6,6,0.014499378325058593,0.012445028975580636,7,backbone.layers.3.mixer.experts.5.up_proj,backbone.layers.3.mixer.experts.5.down_proj
base,3,117,275,125.84933540225029,6,6,0.01421904194011615,0.01560085034936748,8,backbone.layers.3.mixer.experts.117.up_proj,backbone.layers.3.mixer.experts.117.down_proj
base,1,12,618,249.69960771501064,6,6,0.023650022515877018,0.022871078804491744,1,backbone.layers.1.mixer.experts.12.up_proj,backbone.layers.1.mixer.experts.12.down_proj
base,1,68,367,135.59677711874247,6,6,0.018380249477748776,0.016316499098256013,2,backbone.layers.1.mixer.experts.68.up_proj,backbone.layers.1.mixer.experts.68.down_proj
base,1,109,330,152.5547193288803,6,6,0.01712266717315817,0.018966765097350825,3,backbone.layers.1.mixer.experts.109.up_proj,backbone.layers.1.mixer.experts.109.down_proj
base,1,6,339,122.1355237364769,6,6,0.015699502817747464,0.013173587493342253,4,backbone.layers.1.mixer.experts.6.up_proj,backbone.layers.1.mixer.experts.6.down_proj
base,1,76,314,123.85725849866867,6,6,0.015634494439716234,0.014923111000676507,5,backbone.layers.1.mixer.experts.76.up_proj,backbone.layers.1.mixer.experts.76.down_proj
base,1,38,266,114.88418310880661,6,6,0.01554107294357696,0.016141548414194826,6,backbone.layers.1.mixer.experts.38.up_proj,backbone.layers.1.mixer.experts.38.down_proj
base,1,103,312,122.05952283740044,6,6,0.015245911230256998,0.014244558553789758,7,backbone.layers.1.mixer.experts.103.up_proj,backbone.layers.1.mixer.experts.103.down_proj
base,1,80,289,119.86126840114594,6,6,0.015217050324952148,0.015083723215304136,8,backbone.layers.1.mixer.experts.80.up_proj,backbone.layers.1.mixer.experts.80.down_proj
base,43,83,1660,1101.4782682731748,6,6,0.07813723693331157,0.1202652441035218,1,backbone.layers.43.mixer.experts.83.up_proj,backbone.layers.43.mixer.experts.83.down_proj
base,43,51,1009,605.2000536806881,6,6,0.05528302690263423,0.07560476864214374,2,backbone.layers.43.mixer.experts.51.up_proj,backbone.layers.43.mixer.experts.51.down_proj
base,43,46,752,385.6585676372051,6,6,0.04440544075445882,0.05719549501907709,3,backbone.layers.43.mixer.experts.46.up_proj,backbone.layers.43.mixer.experts.46.down_proj
base,43,56,709,358.4312466830015,6,6,0.04165471672520066,0.053172435701120194,4,backbone.layers.43.mixer.experts.56.up_proj,backbone.layers.43.mixer.experts.56.down_proj
base,43,93,633,208.47933633252978,6,6,0.03456170797982212,0.02934046752635816,5,backbone.layers.43.mixer.experts.93.up_proj,backbone.layers.43.mixer.experts.93.down_proj
base,43,29,533,147.1391512863338,6,6,0.02766606207794584,0.01877110019527927,6,backbone.layers.43.mixer.experts.29.up_proj,backbone.layers.43.mixer.experts.29.down_proj
base,43,120,471,145.43085561320186,6,6,0.02553184839747507,0.01868363666554876,7,backbone.layers.43.mixer.experts.120.up_proj,backbone.layers.43.mixer.experts.120.down_proj
base,43,109,503,203.13277442008257,6,6,0.024623611309207448,0.023469846469289974,8,backbone.layers.43.mixer.experts.109.up_proj,backbone.layers.43.mixer.experts.109.down_proj
base,17,59,1024,458.0915287544485,6,6,0.05065270091486999,0.05481289406854348,1,backbone.layers.17.mixer.experts.59.up_proj,backbone.layers.17.mixer.experts.59.down_proj
base,17,109,1087,624.6199018657207,6,6,0.04810076594358703,0.06644774419829981,2,backbone.layers.17.mixer.experts.109.up_proj,backbone.layers.17.mixer.experts.109.down_proj
base,17,47,754,399.8938039243221,6,6,0.04299569895603676,0.05602972077428614,3,backbone.layers.17.mixer.experts.47.up_proj,backbone.layers.17.mixer.experts.47.down_proj
base,17,36,627,238.6290963590145,6,6,0.035425734855341874,0.032294281659128815,4,backbone.layers.17.mixer.experts.36.up_proj,backbone.layers.17.mixer.experts.36.down_proj
base,17,102,805,416.25472493469715,6,6,0.033099992772716344,0.039551902715341695,5,backbone.layers.17.mixer.experts.102.up_proj,backbone.layers.17.mixer.experts.102.down_proj
base,17,19,548,341.3506501019001,6,6,0.03157650016404816,0.04725258857185291,6,backbone.layers.17.mixer.experts.19.up_proj,backbone.layers.17.mixer.experts.19.down_proj
base,17,74,570,256.7458440363407,6,6,0.03063588130004179,0.03418097547478881,7,backbone.layers.17.mixer.experts.74.up_proj,backbone.layers.17.mixer.experts.74.down_proj
base,17,62,668,332.0309366583824,6,6,0.028831570436442345,0.036837356502652185,8,backbone.layers.17.mixer.experts.62.up_proj,backbone.layers.17.mixer.experts.62.down_proj
base,20,16,1393,662.1944563537836,6,6,0.07928940741760443,0.09262800571841875,1,backbone.layers.20.mixer.experts.16.up_proj,backbone.layers.20.mixer.experts.16.down_proj
base,20,23,1431,658.3449990302324,6,6,0.06696621157471552,0.07374011284689097,2,backbone.layers.20.mixer.experts.23.up_proj,backbone.layers.20.mixer.experts.23.down_proj
base,20,85,923,363.50207260251045,6,6,0.046880107688933345,0.04355596949320043,3,backbone.layers.20.mixer.experts.85.up_proj,backbone.layers.20.mixer.experts.85.down_proj
base,20,58,714,289.83212871849537,6,6,0.04037961848792192,0.0385156467159188,4,backbone.layers.20.mixer.experts.58.up_proj,backbone.layers.20.mixer.experts.58.down_proj
base,20,52,779,369.87512044608593,6,6,0.03505128754823439,0.03796322286997118,5,backbone.layers.20.mixer.experts.52.up_proj,backbone.layers.20.mixer.experts.52.down_proj
base,20,116,692,400.73834851384163,6,6,0.030972236389641392,0.044067710544891094,6,backbone.layers.20.mixer.experts.116.up_proj,backbone.layers.20.mixer.experts.116.down_proj
base,20,82,536,214.11012674868107,6,6,0.02929587910492533,0.027874117118953184,7,backbone.layers.20.mixer.experts.82.up_proj,backbone.layers.20.mixer.experts.82.down_proj
base,20,91,481,172.7097549289465,6,6,0.025224941921461526,0.021534120058433283,8,backbone.layers.20.mixer.experts.91.up_proj,backbone.layers.20.mixer.experts.91.down_proj
base,13,48,1786,880.8562222123146,6,6,0.09786251581618999,0.11697471940851115,1,backbone.layers.13.mixer.experts.48.up_proj,backbone.layers.13.mixer.experts.48.down_proj
base,13,34,1001,440.5560289770365,6,6,0.05947702960218976,0.06396260109415394,2,backbone.layers.13.mixer.experts.34.up_proj,backbone.layers.13.mixer.experts.34.down_proj
base,13,4,1212,627.9537210613489,6,6,0.05174279892133305,0.06019437900375427,3,backbone.layers.13.mixer.experts.4.up_proj,backbone.layers.13.mixer.experts.4.down_proj
base,13,3,811,333.7441461831331,6,6,0.04221206875235954,0.04137908804315881,4,backbone.layers.13.mixer.experts.3.up_proj,backbone.layers.13.mixer.experts.3.down_proj
base,13,46,587,234.51576951146126,6,6,0.035174004836064476,0.03343949032554499,5,backbone.layers.13.mixer.experts.46.up_proj,backbone.layers.13.mixer.experts.46.down_proj
base,13,120,627,279.46320900321007,6,6,0.034789408084333354,0.036619506772038644,6,backbone.layers.13.mixer.experts.120.up_proj,backbone.layers.13.mixer.experts.120.down_proj
base,13,19,567,251.8296920955181,6,6,0.031626019571623976,0.03396575271193084,7,backbone.layers.13.mixer.experts.19.up_proj,backbone.layers.13.mixer.experts.19.down_proj
base,13,62,437,196.5496699810028,6,6,0.02567631228259407,0.02776580556912484,8,backbone.layers.13.mixer.experts.62.up_proj,backbone.layers.13.mixer.experts.62.down_proj
base,10,48,1272,558.8863586336374,6,6,0.06131236827970683,0.06615362351900894,1,backbone.layers.10.mixer.experts.48.up_proj,backbone.layers.10.mixer.experts.48.down_proj
base,10,37,1026,446.71534064412117,6,6,0.05444356827582895,0.055662338728955076,2,backbone.layers.10.mixer.experts.37.up_proj,backbone.layers.10.mixer.experts.37.down_proj
base,10,46,869,385.1870290786028,6,6,0.053454228214508605,0.057604242061494566,3,backbone.layers.10.mixer.experts.46.up_proj,backbone.layers.10.mixer.experts.46.down_proj
base,10,19,1070,475.69331699609756,6,6,0.05227191957385808,0.05569605897347416,4,backbone.layers.10.mixer.experts.19.up_proj,backbone.layers.10.mixer.experts.19.down_proj
base,10,39,832,443.3818981349468,6,6,0.037538275661733,0.048177794096096835,5,backbone.layers.10.mixer.experts.39.up_proj,backbone.layers.10.mixer.experts.39.down_proj
base,10,120,686,333.15190798044205,6,6,0.03692801189793702,0.0416789231183602,6,backbone.layers.10.mixer.experts.120.up_proj,backbone.layers.10.mixer.experts.120.down_proj
base,10,60,551,252.67690996825695,6,6,0.03377341599935296,0.036973798615354,7,backbone.layers.10.mixer.experts.60.up_proj,backbone.layers.10.mixer.experts.60.down_proj
base,10,99,569,262.11400279402733,6,6,0.03167168284119053,0.03528094561527117,8,backbone.layers.10.mixer.experts.99.up_proj,backbone.layers.10.mixer.experts.99.down_proj
base,29,123,1417,739.7077767252922,6,6,0.07504223571052525,0.0947556893351364,1,backbone.layers.29.mixer.experts.123.up_proj,backbone.layers.29.mixer.experts.123.down_proj
base,29,52,1294,611.445805311203,6,6,0.07238729090197826,0.08256365390466362,2,backbone.layers.29.mixer.experts.52.up_proj,backbone.layers.29.mixer.experts.52.down_proj
base,29,44,1270,666.5483322739601,6,6,0.07122736883057423,0.08677680732228456,3,backbone.layers.29.mixer.experts.44.up_proj,backbone.layers.29.mixer.experts.44.down_proj
base,29,42,968,252.65270152315497,6,6,0.05119516725462681,0.03258822014406472,4,backbone.layers.29.mixer.experts.42.up_proj,backbone.layers.29.mixer.experts.42.down_proj
base,29,118,1107,434.113258741796,6,6,0.05075291848558182,0.04444303381478311,5,backbone.layers.29.mixer.experts.118.up_proj,backbone.layers.29.mixer.experts.118.down_proj
base,29,35,793,349.5150349587202,6,6,0.03779624683989884,0.03997787783975519,6,backbone.layers.29.mixer.experts.35.up_proj,backbone.layers.29.mixer.experts.35.down_proj
base,29,125,610,250.49137011170387,6,6,0.03029440272799791,0.02987532969917512,7,backbone.layers.29.mixer.experts.125.up_proj,backbone.layers.29.mixer.experts.125.down_proj
base,29,66,536,202.32008839398623,6,6,0.0302861168071137,0.027291413385068693,8,backbone.layers.29.mixer.experts.66.up_proj,backbone.layers.29.mixer.experts.66.down_proj
base,45,124,2706,1727.7674088738859,6,6,0.1375567434551987,0.2113640939488879,1,backbone.layers.45.mixer.experts.124.up_proj,backbone.layers.45.mixer.experts.124.down_proj
base,45,74,616,201.19039117638022,6,6,0.03923835032442004,0.03080290443217507,2,backbone.layers.45.mixer.experts.74.up_proj,backbone.layers.45.mixer.experts.74.down_proj
base,45,38,576,173.94986236281693,6,6,0.03236117783642219,0.023188242689217063,3,backbone.layers.45.mixer.experts.38.up_proj,backbone.layers.45.mixer.experts.38.down_proj
base,45,41,582,255.6424848176539,6,6,0.03166482129726901,0.03435847587567763,4,backbone.layers.45.mixer.experts.41.up_proj,backbone.layers.45.mixer.experts.41.down_proj
base,45,36,718,187.74857817590237,6,6,0.03030582952923388,0.018179073028594818,5,backbone.layers.45.mixer.experts.36.up_proj,backbone.layers.45.mixer.experts.36.down_proj
base,45,103,657,280.3435209952295,6,6,0.028934742028802883,0.028679258938652037,6,backbone.layers.45.mixer.experts.103.up_proj,backbone.layers.45.mixer.experts.103.down_proj
base,45,83,648,221.52869234234095,6,6,0.026824371447960155,0.022059054744698138,7,backbone.layers.45.mixer.experts.83.up_proj,backbone.layers.45.mixer.experts.83.down_proj
base,45,28,419,161.86554741300642,6,6,0.026647459775551944,0.02569534592020109,8,backbone.layers.45.mixer.experts.28.up_proj,backbone.layers.45.mixer.experts.28.down_proj
base,24,123,2592,1259.045086875558,6,6,0.1347295271137853,0.1608773109136076,1,backbone.layers.24.mixer.experts.123.up_proj,backbone.layers.24.mixer.experts.123.down_proj
base,24,20,1974,882.5624719709158,6,6,0.09703837731735111,0.10227713451916048,2,backbone.layers.24.mixer.experts.20.up_proj,backbone.layers.24.mixer.experts.20.down_proj
base,24,87,1931,1116.229005932808,6,6,0.09467385968374283,0.12878924827251292,3,backbone.layers.24.mixer.experts.87.up_proj,backbone.layers.24.mixer.experts.87.down_proj
base,24,54,1625,760.4855412393808,6,6,0.09013334776186169,0.10222979044051779,4,backbone.layers.24.mixer.experts.54.up_proj,backbone.layers.24.mixer.experts.54.down_proj
base,24,29,843,296.9317868798971,6,6,0.03725670763637713,0.030869685558960292,5,backbone.layers.24.mixer.experts.29.up_proj,backbone.layers.24.mixer.experts.29.down_proj
base,24,3,425,214.39206701517105,6,6,0.024910246805242273,0.029902886278894883,6,backbone.layers.24.mixer.experts.3.up_proj,backbone.layers.24.mixer.experts.3.down_proj
base,24,103,390,137.33611822128296,6,6,0.021075080801958544,0.01752193976706611,7,backbone.layers.24.mixer.experts.103.up_proj,backbone.layers.24.mixer.experts.103.down_proj
base,24,17,432,183.28870902955532,6,6,0.02078490951484465,0.020925545674287928,8,backbone.layers.24.mixer.experts.17.up_proj,backbone.layers.24.mixer.experts.17.down_proj
base,31,67,1638,680.7612130194902,6,6,0.08776075094065139,0.08818374171390236,1,backbone.layers.31.mixer.experts.67.up_proj,backbone.layers.31.mixer.experts.67.down_proj
base,31,75,1503,872.3861596435308,6,6,0.07554394790599132,0.10179201790358194,2,backbone.layers.31.mixer.experts.75.up_proj,backbone.layers.31.mixer.experts.75.down_proj
base,31,47,775,311.0884181559086,6,6,0.03773943329872195,0.03620244384188944,3,backbone.layers.31.mixer.experts.47.up_proj,backbone.layers.31.mixer.experts.47.down_proj
base,31,32,653,258.2459536008537,6,6,0.0372232098433341,0.035009252104130736,4,backbone.layers.31.mixer.experts.32.up_proj,backbone.layers.31.mixer.experts.32.down_proj
base,31,66,590,207.50428493320942,6,6,0.028009818525659858,0.02357854150479534,5,backbone.layers.31.mixer.experts.66.up_proj,backbone.layers.31.mixer.experts.66.down_proj
base,31,1,530,288.63438902795315,6,6,0.025766682642896062,0.03309446357762695,6,backbone.layers.31.mixer.experts.1.up_proj,backbone.layers.31.mixer.experts.1.down_proj
base,31,96,501,174.75386462174356,6,6,0.024795991846861907,0.02043784021277004,7,backbone.layers.31.mixer.experts.96.up_proj,backbone.layers.31.mixer.experts.96.down_proj
base,31,18,451,181.70328119397163,6,6,0.02283368589994323,0.022881125429716948,8,backbone.layers.31.mixer.experts.18.up_proj,backbone.layers.31.mixer.experts.18.down_proj
base,15,17,1306,603.2773256897926,6,6,0.08277624396627661,0.09594699407261899,1,backbone.layers.15.mixer.experts.17.up_proj,backbone.layers.15.mixer.experts.17.down_proj
base,15,63,1403,713.1060990542173,6,6,0.07720682779778332,0.09423903630065068,2,backbone.layers.15.mixer.experts.63.up_proj,backbone.layers.15.mixer.experts.63.down_proj
base,15,89,1312,611.7646132558584,6,6,0.06683715298400965,0.07530437995867649,3,backbone.layers.15.mixer.experts.89.up_proj,backbone.layers.15.mixer.experts.89.down_proj
base,15,82,971,460.53363443911076,6,6,0.05320212331115435,0.06078361381592021,4,backbone.layers.15.mixer.experts.82.up_proj,backbone.layers.15.mixer.experts.82.down_proj
base,15,26,1054,401.75400418043137,6,6,0.052854621139300124,0.04779120354976058,5,backbone.layers.15.mixer.experts.26.up_proj,backbone.layers.15.mixer.experts.26.down_proj
base,15,125,655,237.74285240471363,6,6,0.040617442397834665,0.035711015252246264,6,backbone.layers.15.mixer.experts.125.up_proj,backbone.layers.15.mixer.experts.125.down_proj
base,15,113,940,418.279889523983,6,6,0.040173634286769275,0.041233880222674095,7,backbone.layers.15.mixer.experts.113.up_proj,backbone.layers.15.mixer.experts.113.down_proj
base,15,69,537,213.14783769845963,6,6,0.031966956598804865,0.03009896835765974,8,backbone.layers.15.mixer.experts.69.up_proj,backbone.layers.15.mixer.experts.69.down_proj
