variant,family,layer,assignments,active_experts,available_experts,expert_coverage,entropy,observed_normalized_entropy,available_normalized_entropy,top_expert_share
base,bit_manipulation,1,5718,123,128,0.9609375,4.365306165264114,0.9071361034600847,0.8996865080840794,0.07135362014690451
base,bit_manipulation,3,5718,124,128,0.96875,4.465950159708485,0.9264915542642006,0.9204291640383865,0.06155998600909409
base,bit_manipulation,6,5718,124,128,0.96875,4.166077545674353,0.8642809530881483,0.8586256307290363,0.08464498076250437
base,bit_manipulation,8,5718,112,128,0.875,4.161179334654738,0.881886262592792,0.857616112908004,0.0701294158796782
base,bit_manipulation,10,5718,103,128,0.8046875,3.6966713433029166,0.7976024817612828,0.7618813449684944,0.09951031829310948
base,bit_manipulation,13,5718,103,128,0.8046875,3.7197311486205464,0.8025779194570343,0.7666339545078672,0.1453305351521511
base,bit_manipulation,15,5718,111,128,0.8671875,3.912701014291982,0.830804952307491,0.8064049071143229,0.07642532353969919
base,bit_manipulation,17,5718,106,128,0.828125,3.909748573102944,0.8383831104472422,0.8057964110769027,0.07869884575026233
base,bit_manipulation,20,5718,106,128,0.828125,3.8938015982004535,0.8349635364846221,0.8025097508470449,0.08849247988807275
base,bit_manipulation,22,5718,119,128,0.9296875,4.079648509852995,0.8536394834185108,0.8408126676764237,0.09986009094088842
base,bit_manipulation,24,5718,104,128,0.8125,3.4800894809043195,0.7493102015912781,0.7172439765643585,0.1428821266176985
base,bit_manipulation,27,5718,107,128,0.8359375,3.582536313344162,0.7666739870553604,0.7383581961523218,0.15407485134662469
base,bit_manipulation,29,5718,109,128,0.8515625,3.941954787000617,0.840260600142822,0.8124340889449001,0.09513816019587268
base,bit_manipulation,31,5718,114,128,0.890625,3.919617070650983,0.8275871700392279,0.8078303014302713,0.14270724029380902
base,bit_manipulation,34,5718,104,128,0.8125,3.6750416951789533,0.7912860426667302,0.7574234898135493,0.10947883875480938
base,bit_manipulation,36,5718,106,128,0.828125,3.697148512873609,0.7927944245142022,0.761979689278966,0.11262679258481986
base,bit_manipulation,38,5718,110,128,0.859375,3.7545439447440128,0.7987574997797197,0.773808847125982,0.11192724728926198
base,bit_manipulation,40,5718,105,128,0.8203125,3.5727853760353327,0.7676871110245717,0.7363485348809693,0.14428121720881426
base,bit_manipulation,43,5718,115,128,0.8984375,3.948361117218193,0.8321217270140739,0.8137544290642136,0.10335781741867786
base,bit_manipulation,45,5718,121,128,0.9453125,3.8443458162703386,0.8016083646105078,0.7923169492279217,0.14445610353270374
base,bit_manipulation,47,5718,123,128,0.9609375,4.159902662269897,0.8644520565023034,0.8573529916339396,0.06068555438964673
base,bit_manipulation,49,5718,116,128,0.90625,3.8783611930326845,0.8158804266065736,0.7993274942806369,0.14637985309548793
base,bit_manipulation,51,5718,120,128,0.9375,4.1155442540776495,0.8596451910925025,0.8482107551309848,0.08761804826862539
base,equation_transform,1,2214,122,128,0.953125,4.608624651129093,0.9593264909156922,0.9498342756432245,0.02935862691960253
base,equation_transform,3,2214,121,128,0.9453125,4.601681454626796,0.9595251107978086,0.94840328776297,0.032068654019873535
base,equation_transform,6,2214,117,128,0.9140625,4.398425918726363,0.9236172342607135,0.9065124658091439,0.052845528455284556
base,equation_transform,8,2214,101,128,0.7890625,4.016984347696771,0.8703964139263967,0.8278976282501027,0.09259259259259259
base,equation_transform,10,2214,92,128,0.71875,3.694692034112758,0.81708641860561,0.7614734107466332,0.12556458897922312
base,equation_transform,13,2214,85,128,0.6640625,3.598296729345629,0.8099435498316099,0.7416064067248451,0.11065943992773261
base,equation_transform,15,2214,92,128,0.71875,3.5522526173696205,0.7855857382186259,0.7321167478662846,0.12059620596205962
base,equation_transform,17,2214,94,128,0.734375,4.095614260621619,0.9014634658100026,0.8441031975989898,0.04742547425474255
base,equation_transform,20,2214,89,128,0.6953125,3.904919752263303,0.869956804386079,0.8048011945228039,0.10885275519421861
base,equation_transform,22,2214,112,128,0.875,4.1934546463273055,0.8887264277709409,0.8642680317784551,0.08175248419150859
base,equation_transform,24,2214,89,128,0.6953125,3.420665898174012,0.7620724015962427,0.7049968182619485,0.15627822944896116
base,equation_transform,27,2214,93,128,0.7265625,3.7547900980566533,0.828396619584076,0.7738595791493312,0.13188798554652212
base,equation_transform,29,2214,91,128,0.7109375,3.7123882049978154,0.8229890998898367,0.7651205790292899,0.1016260162601626
base,equation_transform,31,2214,93,128,0.7265625,3.973211419688212,0.8765855941364263,0.8188760587982259,0.0930442637759711
base,equation_transform,34,2214,83,128,0.6484375,3.565408993813629,0.8068652640520286,0.7348282677308331,0.11743450767841011
base,equation_transform,36,2214,90,128,0.703125,3.696196981804023,0.8214118490777721,0.7617835793996311,0.12556458897922312
base,equation_transform,38,2214,88,128,0.6875,3.568154627492295,0.7969368344043447,0.7353941408868773,0.12917795844625113
base,equation_transform,40,2214,73,128,0.5703125,3.3675726697186867,0.7848979149928328,0.6940543414909081,0.14588979223125564
base,equation_transform,43,2214,89,128,0.6953125,3.767917446622122,0.8394347717783549,0.7765651163886773,0.1120144534778681
base,equation_transform,45,2214,96,128,0.75,3.8527642395431942,0.844099546731599,0.7940519803004721,0.13504968383017163
base,equation_transform,47,2214,109,128,0.8515625,4.082714992689897,0.8702648141177609,0.8414446676166764,0.057362240289069555
base,equation_transform,49,2214,105,128,0.8203125,3.916216736568412,0.8414804686584533,0.8071294949848011,0.12827461607949414
base,equation_transform,51,2214,114,128,0.890625,4.279295014890485,0.9035294997702441,0.8819596709261951,0.08446251129177959
base,gravity_formula,1,3552,124,128,0.96875,4.605576662903141,0.9554580163461994,0.9492060874291862,0.029842342342342343
base,gravity_formula,3,3552,126,128,0.984375,4.583070052222979,0.9476432806026996,0.9445674909126878,0.028716216216216218
base,gravity_formula,6,3552,118,128,0.921875,4.375401182469203,0.9171432460722061,0.9017670839782895,0.047015765765765764
base,gravity_formula,8,3552,105,128,0.8203125,3.773722236395443,0.810862567032337,0.7777614794485878,0.11261261261261261
base,gravity_formula,10,3552,100,128,0.78125,3.8402132205598067,0.8338917055105196,0.7914652241796956,0.1044481981981982
base,gravity_formula,13,3552,89,128,0.6953125,3.6488823376943333,0.8129155576734948,0.7520320647684204,0.11092342342342343
base,gravity_formula,15,3552,99,128,0.7734375,3.81703286563392,0.8306710140589957,0.7866877694514637,0.09375
base,gravity_formula,17,3552,100,128,0.78125,4.065395770455666,0.8827894749308574,0.837875188183908,0.04983108108108108
base,gravity_formula,20,3552,98,128,0.765625,3.994369034812322,0.8711880844071993,0.8232366282863104,0.06756756756756757
base,gravity_formula,22,3552,116,128,0.90625,4.265905059361599,0.8974069887940298,0.8792000105777312,0.07010135135135136
base,gravity_formula,24,3552,103,128,0.8046875,3.6754807584695803,0.7930303514625853,0.7575139804466957,0.14189189189189189
base,gravity_formula,27,3552,108,128,0.84375,3.595932605857076,0.7680119226529474,0.7411191625487045,0.12612612612612611
base,gravity_formula,29,3552,103,128,0.8046875,3.970648198112216,0.8567163707297837,0.8183477806473133,0.08361486486486487
base,gravity_formula,31,3552,113,128,0.8828125,4.133749480433801,0.8744257164752274,0.8519628393855964,0.08051801801801801
base,gravity_formula,34,3552,101,128,0.7890625,3.912417401466576,0.8477389457522473,0.8063464547119306,0.07685810810810811
base,gravity_formula,36,3552,98,128,0.765625,3.8332163732326863,0.8360400354124521,0.7900231789024535,0.0982545045045045
base,gravity_formula,38,3552,88,128,0.6875,3.6463167565439876,0.8143941158844743,0.7515033003109058,0.1463963963963964
base,gravity_formula,40,3552,94,128,0.734375,3.78763675067439,0.8336762046467833,0.7806292509838186,0.09065315315315316
base,gravity_formula,43,3552,93,128,0.7265625,4.001379480666797,0.8828001429888309,0.8246814762104063,0.06953828828828829
base,gravity_formula,45,3552,113,128,0.8828125,3.876834031331832,0.820079540753188,0.7990127473360004,0.15484234234234234
base,gravity_formula,47,3552,110,128,0.859375,3.9464139816371313,0.8395767399342889,0.8133531258003941,0.08643018018018019
base,gravity_formula,49,3552,114,128,0.890625,4.032102397287813,0.8513372995708487,0.8310134475605185,0.12274774774774774
base,gravity_formula,51,3552,114,128,0.890625,4.210983505123971,0.8891062211617071,0.8678807171582255,0.07995495495495496
base,numeral_system,1,1902,120,128,0.9375,4.619428219270831,0.9648952870227716,0.952060883383509,0.02103049421661409
base,numeral_system,3,1902,121,128,0.9453125,4.565257203586054,0.9519300645391297,0.940896275428031,0.029442691903259727
base,numeral_system,6,1902,107,128,0.8359375,4.238056972398207,0.9069574603594988,0.8734605395833982,0.06309148264984227
base,numeral_system,8,1902,94,128,0.734375,3.882986969087976,0.8546632246362599,0.8002808634485271,0.11882229232386961
base,numeral_system,10,1902,85,128,0.6640625,3.650070699193424,0.8215973949926852,0.7522769852314949,0.11146161934805468
base,numeral_system,13,1902,79,128,0.6171875,3.6230521571347745,0.8291784864966802,0.746708482854343,0.11303890641430074
base,numeral_system,15,1902,83,128,0.6484375,3.512708369226604,0.7949389174682573,0.7239667063389114,0.13617245005257625
base,numeral_system,17,1902,88,128,0.6875,3.9385598972409768,0.8796657612411454,0.8117344045705289,0.08412197686645637
base,numeral_system,20,1902,87,128,0.6796875,3.8731660472029072,0.8672740110850627,0.798256778405592,0.09726603575184017
base,numeral_system,22,1902,110,128,0.859375,4.288361457000957,0.9123240867485288,0.883828258222093,0.054679284963196635
base,numeral_system,24,1902,84,128,0.65625,3.497530760258269,0.7893647873618509,0.7208386118830301,0.1277602523659306
base,numeral_system,27,1902,93,128,0.7265625,3.809941229414478,0.8405642799831765,0.7852261882506668,0.14826498422712933
base,numeral_system,29,1902,82,128,0.640625,3.7053924842333337,0.8408505911815661,0.7636787659358096,0.10672975814931651
base,numeral_system,31,1902,94,128,0.734375,3.8250397573034034,0.841908777795014,0.7883379841521063,0.1377497371188223
base,numeral_system,34,1902,89,128,0.6953125,3.7724712592232312,0.8404492920526673,0.7775036539396427,0.11724500525762356
base,numeral_system,36,1902,80,128,0.625,3.752292745985579,0.8562916337145522,0.7733448766567179,0.09200841219768664
base,numeral_system,38,1902,82,128,0.640625,3.700677538421655,0.839780646502289,0.7627070189442998,0.11041009463722397
base,numeral_system,40,1902,76,128,0.59375,3.3998075413618922,0.7850419950208964,0.7006979256999574,0.14721345951629863
base,numeral_system,43,1902,86,128,0.671875,3.781676602707797,0.8489855754822969,0.7794008687103374,0.11777076761303891
base,numeral_system,45,1902,95,128,0.7421875,3.8269080258972235,0.84036264418035,0.7887230329857282,0.14248159831756047
base,numeral_system,47,1902,103,128,0.8046875,4.041658696606045,0.8720377624819589,0.832982994079899,0.07255520504731862
base,numeral_system,49,1902,99,128,0.7734375,3.969367697916851,0.863822452378601,0.8180838704642117,0.07045215562565721
base,numeral_system,51,1902,112,128,0.875,4.184540483176788,0.8868372330516738,0.8624308290683227,0.09674027339642481
base,text_decryption,1,3630,128,128,1.0,4.639556741417755,0.9562093575380507,0.9562093575380507,0.03443526170798898
base,text_decryption,3,3630,128,128,1.0,4.59710752853945,0.9474606048367404,0.9474606048367404,0.03471074380165289
base,text_decryption,6,3630,125,128,0.9765625,4.204665649204368,0.8708352186644811,0.8665786115290451,0.10495867768595041
base,text_decryption,8,3630,109,128,0.8515625,3.7045510549514438,0.7896560110121672,0.763505347956918,0.12203856749311295
base,text_decryption,10,3630,104,128,0.8125,3.868703138692873,0.8329839633886321,0.7973369761233966,0.08209366391184574
base,text_decryption,13,3630,93,128,0.7265625,3.620133449364195,0.7986881379730567,0.7461069392505688,0.09834710743801653
base,text_decryption,15,3630,99,128,0.7734375,3.5087855612090717,0.7635895636337539,0.7231582183855895,0.11818181818181818
base,text_decryption,17,3630,99,128,0.7734375,3.894025839334417,0.8474263928546635,0.8025559667858925,0.10853994490358126
base,text_decryption,20,3630,88,128,0.6875,3.780980553459947,0.8444708785887011,0.7792574134534678,0.09504132231404959
base,text_decryption,22,3630,112,128,0.875,3.946783424338475,0.8364489495480572,0.8134292676794114,0.11239669421487604
base,text_decryption,24,3630,100,128,0.78125,3.437638946927735,0.7464738127132103,0.7084949515856289,0.1322314049586777
base,text_decryption,27,3630,93,128,0.7265625,3.4433614325406054,0.7596879975259219,0.7096743518163784,0.14765840220385676
base,text_decryption,29,3630,100,128,0.78125,3.657400335177154,0.7941943918392708,0.7537876180151019,0.15619834710743802
base,text_decryption,31,3630,106,128,0.828125,3.8540021037830186,0.8264291708342408,0.7943071032433419,0.11267217630853994
base,text_decryption,34,3630,96,128,0.75,3.602950234846357,0.7893679631149468,0.742565490911795,0.153168044077135
base,text_decryption,36,3630,106,128,0.828125,3.645328357460859,0.7816824201828545,0.7512995919600989,0.14793388429752066
base,text_decryption,38,3630,103,128,0.8046875,3.625950990127324,0.7823436924436777,0.7473059302804453,0.11074380165289256
base,text_decryption,40,3630,84,128,0.65625,3.420638647296771,0.7720108509541053,0.7049912018754548,0.15289256198347106
base,text_decryption,43,3630,100,128,0.78125,3.449642260131167,0.7490802990576139,0.7109688259331758,0.15757575757575756
base,text_decryption,45,3630,119,128,0.9296875,3.9875404037974866,0.8343664710788485,0.8218292522718584,0.09862258953168045
base,text_decryption,47,3630,120,128,0.9375,4.03081987609172,0.8419481625569095,0.8307491208505987,0.09669421487603305
base,text_decryption,49,3630,122,128,0.953125,4.142619206845898,0.8623232846549523,0.8537908837154211,0.1418732782369146
base,text_decryption,51,3630,122,128,0.953125,4.042811457215723,0.8415474078007917,0.8332205772248868,0.13829201101928373
base,unit_conversion,1,2682,124,128,0.96875,4.605825726330859,0.9555096862381607,0.9492574192251912,0.027218493661446682
base,unit_conversion,3,2682,126,128,0.984375,4.618475840798788,0.9549641500757795,0.9518645988551282,0.02535421327367636
base,unit_conversion,6,2682,119,128,0.9296875,4.410911539322809,0.9229540826221693,0.909085743368703,0.045115585384041756
base,unit_conversion,8,2682,98,128,0.765625,3.842625191377682,0.8380921368043956,0.7919623296565124,0.11036539895600299
base,unit_conversion,10,2682,90,128,0.703125,3.8290840477385366,0.8509435572321662,0.7891715095456323,0.07196122296793438
base,unit_conversion,13,2682,87,128,0.6796875,3.7118405317025496,0.8311502236684603,0.7650077039511317,0.1058911260253542
base,unit_conversion,15,2682,88,128,0.6875,3.502936276922901,0.7823705077526397,0.7219526850381026,0.10477255779269203
base,unit_conversion,17,2682,94,128,0.734375,4.040613034169245,0.8893574438395564,0.8327674837924682,0.0592841163310962
base,unit_conversion,20,2682,90,128,0.703125,3.8456587613404296,0.8546269827137325,0.7925875462767188,0.09731543624161074
base,unit_conversion,22,2682,110,128,0.859375,4.08758020006896,0.8696090360926052,0.8424473834107722,0.06935123042505593
base,unit_conversion,24,2682,93,128,0.7265625,3.4753729638827915,0.7667505079883047,0.7162719057476117,0.14205816554809844
base,unit_conversion,27,2682,95,128,0.7421875,3.7000561561501564,0.8125068472919799,0.7625789524983587,0.13758389261744966
base,unit_conversion,29,2682,98,128,0.765625,3.8139115215644823,0.8318295689788272,0.7860444626500513,0.09955257270693513
base,unit_conversion,31,2682,96,128,0.75,3.7428375310830537,0.8200157775166151,0.7713961635638019,0.12080536912751678
base,unit_conversion,34,2682,96,128,0.75,3.8225832073523804,0.8374872045252724,0.7878316909475297,0.09507829977628636
base,unit_conversion,36,2682,89,128,0.6953125,3.6635587207858964,0.8161852328894532,0.7550568569261896,0.1297539149888143
base,unit_conversion,38,2682,94,128,0.734375,3.6592245908881362,0.8054120998637574,0.7541635958247515,0.1122296793437733
base,unit_conversion,40,2682,80,128,0.625,3.443566168033081,0.7858387123403137,0.7097165476563339,0.13534675615212527
base,unit_conversion,43,2682,100,128,0.78125,3.9821246474743623,0.8647073803245237,0.8207130687304249,0.08911260253542133
base,unit_conversion,45,2682,104,128,0.8125,3.9272894126519455,0.8455983783315912,0.8094115656812417,0.14988814317673377
base,unit_conversion,47,2682,111,128,0.8671875,3.952533077601657,0.8392627095798778,0.8146142671436433,0.07718120805369127
base,unit_conversion,49,2682,103,128,0.8046875,4.097504125468391,0.8840871032318002,0.8444926974050453,0.05630126771066368
base,unit_conversion,51,2682,116,128,0.90625,4.049462797147452,0.8518746114723382,0.8345914136727114,0.10328113348247576
